subject_id,CRRP_Allocation_global_mean,CRRP_Flexibility_global_mean,CRRP_Residual_global_mean,CRRP_Contrast_global_mean,CRRP_Switching_global_mean,stability_margin,stability_margin_obs_tha,stability_margin_obs_bg,stability_margin_obs_cb,E_Pobs_tha,E_Pobs_bg,E_Pobs_cb,E_cort,C_reg,E_g_update
100206,0.366009942177263,0.0026835839121235215,5.560374407957879e-06,6.492982108457025e-06,0.000540817169803782,-0.006522877448974073,-0.021271032687741886,-0.03419760698332417,-0.06183081221799827,1433.050126390924,2236.604953442489,3540.5021125522253,7699.046235025573,17035.80666301802,0.0021961398331254056
100307,0.410152616126887,0.0008674208111518377,1.6470879954410984e-06,1.563948827667815e-06,0.0001391325516648769,-0.005056945745613738,-0.06435611582388731,-0.0838237990551892,-0.09832627212829743,844.9725644740555,1352.786349101956,2050.725202799609,14163.611303974709,20885.566451077408,0.00019295184147080055
100408,0.3774045105155583,0.0010233800865311177,3.2364424689134276e-06,3.3248770110351682e-06,0.00029246384328725905,-0.005347702201902286,-0.03761787357778641,-0.04884690246488429,-0.06488522451887732,1253.6136930302,1873.599208321508,2841.972088888022,12558.204373776334,19465.390343145966,0.0006965220893074067
100610,0.38348226598343116,0.0037957859320779763,6.436877117473223e-06,7.581471071831179e-06,0.0006289925336821737,-0.006815748778601217,-0.01776477899688672,-0.03022651037572929,-0.048468689876498106,1506.5132898288662,2347.9480424328126,3717.020241902562,7769.285297349568,16673.07804355759,0.0029264296751313713
101006,0.3761961778130874,0.0011152575155358748,3.632102010744168e-06,3.296858196663657e-06,0.00030804452630580774,-0.005346266479372315,-0.03622160819138304,-0.04595535819656865,-0.07229202519105446,1168.6669180905312,1795.012863398285,2827.66372500953,11883.68341710909,18588.5705872421,0.0007541762832882969
101309,0.40419738815148465,0.0021094426187857835,5.324756892113109e-06,5.407573482367179e-06,0.000483535774592759,-0.0063401342408575725,-0.024445523530203815,-0.03596337670856421,-0.0648809619965991,1455.8104939173318,2217.795137643422,3443.629290574241,11082.21353484079,18288.64457469116,0.0017137728326998857
101410,0.3438744064459121,0.000811313866793216,2.7484784090779613e-06,2.972362800711387e-06,0.00025150276321776353,-0.005266946779552969,-0.04291944311940059,-0.061912999668881405,-0.09832475647780713,1133.402385071813,1743.1145151644744,2659.738486136482,13015.267819609742,18710.415883358473,0.0005484693664185266
101915,0.37678925238236016,0.0005933704065712267,2.244948676678806e-06,2.3915490608127908e-06,0.00020314206219828053,-0.005132140395903775,-0.046542741057890524,-0.08071760135569314,-0.10048276775145162,971.3758375528332,1538.6757796009256,2347.382590615938,14335.033666910753,19949.27674300919,0.0003494481764517272
102008,0.3944549899415014,0.0007670509881461955,2.6612226218287106e-06,2.636633467311028e-06,0.00023343260136543742,-0.005261052665977095,-0.05060918824931281,-0.06232024220460626,-0.09011471872317588,1180.349364260498,1741.0535753927102,2626.3894630176264,13026.0263386046,19401.82579568884,0.0004724516399920072
102311,0.3691332506795382,0.0008535217216093752,2.564792430858899e-06,3.2281744546113127e-06,0.00025419383446123974,-0.005229554901787847,-0.03535967088695738,-0.0618783923692391,-0.08112049890916763,1116.4225692958703,1736.4198974179217,2522.0752922936745,15692.187675949868,19498.270106772412,0.0005731810589977948
102513,0.38880553843164223,0.003910396971626176,6.882396360704795e-06,6.942730220481409e-06,0.0006273416986334743,-0.007477070754190235,-0.019700194921337802,-0.026519203226985467,-0.05199358816273348,1547.4028810668976,2413.267386398043,3836.8147127520797,8109.827704186731,17441.865830201383,0.00288835990017538
102614,0.39577900320491183,0.001149654705314286,3.4170014178112602e-06,3.5492337446124297e-06,0.0003104516247929117,-0.005294382513004618,-0.029791873616957745,-0.045046149760943385,-0.08177867691014444,1092.3829717242897,1795.699685855495,2796.3105152930516,11531.66201195735,18469.002539870104,0.0008180721868340309
102816,0.41519283675107105,0.0011486829796783433,3.549905138892934e-06,3.954077439694218e-06,0.00033473828439598105,-0.005551350274332966,-0.026038760576804744,-0.036321025424114396,-0.07261297899022287,1228.843422932119,1895.7355962511533,2939.8110697500892,12288.044890430152,19908.605513446688,0.0008801953001048464
103010,0.35765395920386156,0.00156997855804112,4.392851472094094e-06,4.784210849238788e-06,0.0004075619539791745,-0.0058316617317689026,-0.024261523107717235,-0.041833670916432426,-0.06752813719968646,1366.9323761737098,2045.1669187333216,3142.4488348605123,10716.093830717757,18046.884965203797,0.0013596044545234256
103111,0.4081268942179442,0.0008261993838735791,2.6811837210367582e-06,2.688258618446572e-06,0.0002356590839846454,-0.005175593423409709,-0.034338202436371416,-0.05806875538459614,-0.10436051133807875,984.0624812314874,1605.9533298872227,2496.50008469978,12132.559205097488,19316.405939063567,0.0004873403770228292
103212,0.35177494347991795,0.0033841118059165865,6.4050454272302695e-06,7.051432539245795e-06,0.0006031768841408197,-0.00694088404768789,-0.020232023861733506,-0.037561276615452666,-0.05890776384972229,1523.86758813712,2409.2629892819477,3810.5041557352324,6927.7202648985885,16462.27373318056,0.002710815608232733
103414,0.37072465112286584,0.0013171803188347072,3.299370806600393e-06,3.4487354788834895e-06,0.00029894230340053664,-0.0053337948334724345,-0.029643764616931724,-0.05144028964901511,-0.09170598707561899,1157.0687522078053,1811.3484997962703,2825.1303675128192,11322.82966703066,18730.073970335896,0.0007493758570427167
103515,0.3601478768800061,0.0011361587059786717,2.978863943395415e-06,3.2874805049897926e-06,0.0002762766604936509,-0.005264101523511849,-0.03542239090610745,-0.04940311192039494,-0.0752894561177375,1123.4725039999955,1799.725322577854,2732.227145543749,12219.970013793625,18677.08662422378,0.0006038215162817511
103818,0.4016275090256806,0.003891871264918863,6.596680422699798e-06,7.003797002139729e-06,0.0006145209919537431,-0.006601707412522417,-0.0156080931544362,-0.035212015522984925,-0.05406535872087814,1424.9193469024874,2354.113414320146,3733.890040976948,7483.751396691264,16814.192695064758,0.0028011081108130598
104012,0.3531075485853434,0.0016271022915854464,3.9590627175717135e-06,4.904587843521264e-06,0.0003943039551304679,-0.005742777468767104,-0.026770064430321296,-0.04969984903147392,-0.07448090832180367,1344.563611595819,2069.6710592775967,3084.814935697069,10223.78191783487,17827.004798810736,0.0012086528552748236
104416,0.39820895897543485,0.002212602398481948,4.787081999173551e-06,5.8380993263894636e-06,0.00047820216813368596,-0.0060396689645175715,-0.02033378037144268,-0.030966956930916747,-0.053781770465336866,1312.2089483043117,2116.255132665298,3273.723304691794,10389.750329020184,17850.92325551008,0.001751578508723755
104820,0.3650117443214438,0.0019140597690176274,5.32238704091864e-06,5.0717950751296455e-06,0.0004635943955849474,-0.0058676191622338055,-0.023528908836760485,-0.036032776157941274,-0.05940565861142459,1411.3052611156954,2169.897656298892,3421.631173198097,8973.464420985403,17447.956212743757,0.0016395444201274072
105014,0.4076598230916268,0.002688293472297259,5.889676262537647e-06,6.565192622311575e-06,0.0005580013529281498,-0.0073440844066246114,-0.01723314096898508,-0.027787956164231194,-0.05748775019135802,1447.2019145919426,2301.250415765169,3695.357865772063,8527.882091004098,17475.734362019593,0.0023509737011873054
105115,0.4027717614304329,0.0017820309207278815,4.2286554071638284e-06,4.579472371534645e-06,0.0003936086468721556,-0.005874453553166607,-0.03319155942841835,-0.04091610950156627,-0.06693666880234715,1345.295961634826,2026.6693957629168,3162.709719665457,12061.074462304474,19457.581633168553,0.0011903582600719439
105216,0.4285066714186449,0.003197684696257728,5.9559156848560815e-06,6.278706103253548e-06,0.0005554689028347688,-0.007064290112126406,-0.020127366402690985,-0.03021226050572018,-0.050551332027172324,1461.5530165050618,2301.6889078786307,3584.78657987467,9369.592280979656,17675.437367188493,0.0023149289033626555
105620,0.3573262444055621,0.00115246379377305,2.413303866168218e-06,2.7145107274727376e-06,0.00022597958486845037,-0.0051972828341779465,-0.04303727535989167,-0.07308725110212355,-0.09864904837846544,1047.5239125801643,1623.80918961184,2408.518588783376,15310.618786832149,19347.955801618835,0.00041884329480574044
105923,0.3288893793390878,0.0010694212686449545,3.0083892699347472e-06,2.954918395666234e-06,0.0002624536710975917,-0.005230467797351191,-0.04579874534182945,-0.06315713310063917,-0.08587662189203334,1082.2750745277185,1704.7469610355483,2664.645223141702,11196.710689014413,18369.16820972305,0.0005891266881979882
106016,0.3639263571616756,0.0006963121089916386,1.5695667573365016e-06,1.4861973844360626e-06,0.00013116096164509958,-0.005061847505729661,-0.06804661641039597,-0.09091510548065411,-0.11902690272882692,887.7789250669924,1357.8486999334243,2055.6739953239457,14501.857558067884,20946.904233232162,0.00015572444071519946
106319,0.3943879561201936,0.002790460351062686,5.513191550170569e-06,5.633911853709689e-06,0.000497555716905481,-0.005739216953097748,-0.0233660478065,-0.03765396900516177,-0.053600061210728245,1321.824432070026,2168.5096458064513,3442.6572789566785,10223.940404391065,17619.72650820984,0.0019535797791963654
106521,0.3773034217329095,0.0012397959329708882,2.9904530918402764e-06,3.1415275822611367e-06,0.00027123494947142577,-0.005393104909859361,-0.03189454498115482,-0.056889493123149955,-0.0864529967458402,1228.6196965199122,1815.1887933212502,2704.5482764734543,12788.862295841645,19867.915377537152,0.0006046638501911961
106824,0.363299965728488,0.0007635667296678005,2.273485586448052e-06,2.4811265441705314e-06,0.00020726932372582856,-0.005167168932198745,-0.04905643519058634,-0.07993528154034811,-0.10367484616463432,1028.0552710004677,1607.581666358908,2402.193625123486,13611.24441290395,19130.243936237122,0.00037773431606187975
107018,0.3505249409684177,0.001436881933310146,4.187967899558474e-06,4.630355040773717e-06,0.00039046114477081354,-0.005619070651147112,-0.02476881755689561,-0.05252064262883012,-0.08189590373088988,1292.0722600242636,2053.44677237651,3200.8848671847704,10222.525251793368,17313.994421637384,0.001215054669581982
107321,0.37762400538343294,0.0006127462162193934,2.1767617645898562e-06,2.2390015589178555e-06,0.00019244999935198785,-0.005103216959248591,-0.051217839419982696,-0.07493035108867126,-0.11946037335280671,938.968827770236,1534.1165545254482,2296.0381267429316,13831.499928016354,19884.548532925823,0.0003144497644811124
107422,0.3525030867909479,0.0006768014248739268,2.4167058059272307e-06,2.4489111386427467e-06,0.00021283049289873437,-0.005154150743378303,-0.051371127001337,-0.07881180876364287,-0.1066809563442847,1034.403312040985,1602.0976661182679,2452.200045864913,14199.032972629117,20285.567684125173,0.00037880560414465646
108020,0.3871735963368205,0.002448222185556917,5.2387985767899595e-06,5.212830798701584e-06,0.0004654496518254514,-0.0059184519758337575,-0.017705018284022822,-0.04101642039220466,-0.060277908553292424,1369.1772934655799,2173.9115768602364,3443.8560430088305,8414.255634980685,17122.68266567301,0.0016834106938231751
108121,0.350707062894121,0.0006347254512294614,1.7217304625499996e-06,1.914927373437073e-06,0.0001578366933843093,-0.005108235400176908,-0.06710486582292337,-0.1030697539993416,-0.13288143205316602,945.1724099447674,1441.335640058419,2139.9296885690073,13489.882484505308,20539.203342246845,0.00023505623934395154
108222,0.4289463355225672,0.001512855030214544,3.856079919267883e-06,3.5478225454680366e-06,0.00033147742283902567,-0.005531616901474693,-0.030879608671379108,-0.04103640799880222,-0.06973726030196643,1220.1910010554225,1876.5463295001166,2993.005038572497,12230.391731911559,19481.4415268343,0.0008729037522184834
108525,0.3512762217064819,0.0010476675223029849,4.119112689565355e-06,4.0774726712382754e-06,0.0003613865992288908,-0.005517080137562113,-0.03521750290214913,-0.05721539172248755,-0.07928437966166131,1294.0683891765882,2011.1849001820112,3151.6767186961106,8745.946071451734,16744.996219599077,0.0010123189426393493
109830,0.3844230118470871,0.003157417981991296,6.143902584402231e-06,5.986053008069726e-06,0.0005446090330238888,-0.006446926577708184,-0.018600987400531867,-0.034383772386113495,-0.052449216157380456,1425.9346222762833,2308.877961395314,3728.698230505198,6215.321323759624,16701.32774005656,0.002294125357328996
110007,0.37507395336548216,0.0008337351899662153,2.8753550463199343e-06,3.2653894070696586e-06,0.0002713687066446744,-0.005313573863337157,-0.04187134982719455,-0.05627114425359921,-0.09069127743265082,1148.8744622428585,1764.8231770094535,2672.370421982832,14502.993438161835,19443.920906567575,0.0005883089240176771
110411,0.4303589220590308,0.0009059779706683738,2.8875111389715792e-06,3.194081153033949e-06,0.0002700820307216837,-0.005400097616717149,-0.02818947897618105,-0.040022282907915235,-0.0745844540068237,1235.7863862891763,1847.954035678852,2745.6106359423275,13716.37440286415,20661.388042375504,0.0005913412441862924
110613,0.38643869748318066,0.0015624787251158282,4.491436602140265e-06,4.750829211363847e-06,0.00040953656887679507,-0.006391122552496001,-0.025944679601072523,-0.039915321216861734,-0.05735060139501406,1422.998169328028,2139.2957325575344,3281.2504857804515,9378.265855075519,18334.913493337506,0.0012524644189086248
111009,0.38351978140094956,0.0008340673810826944,2.798354391445884e-06,2.7236816396819702e-06,0.00024256816561979313,-0.005177381994005709,-0.03808620286400392,-0.05381862368902686,-0.07561961642080117,997.9562664290479,1609.1677180470426,2500.5214688746337,14263.77103475164,19011.82518042222,0.0004967553591310096
111211,0.3662097009181436,0.0009290869770884871,3.162160677004057e-06,3.5707614631985283e-06,0.0002961567676575462,-0.005419444763247155,-0.032818940129611285,-0.06036467010034274,-0.07733358309026758,1252.0841075181754,1904.3574905527341,2858.772073567197,11150.736232936939,18325.941636042215,0.0006995118604352837
111312,0.3813962476398812,0.003986337984253902,6.5247313646900754e-06,8.055116695710109e-06,0.0006562128196665486,-0.0076373006105909845,-0.01849178108273237,-0.03237196010039087,-0.06037911545266185,1514.7933204887959,2401.9549780656225,3798.184199217391,8157.115024310109,17577.738615822647,0.0031589377803801317
111413,0.35775998654672997,0.003288887034179313,6.28291153929121e-06,6.809139801596953e-06,0.000590909064732813,-0.007167916893416223,-0.02313215056320883,-0.03933793901143206,-0.056300992798268765,1504.3869371665753,2375.742734976069,3744.4269708575935,6459.223204241997,16506.727356346022,0.0025904297087763176
111716,0.37050057442336864,0.00063118791892613,2.13876553864722e-06,2.5829349963330514e-06,0.000206566541452482,-0.005167544583589905,-0.03902369257532454,-0.07690122950063,-0.10043458230599017,1041.9606045672242,1633.0754115932418,2372.0782703632476,12159.50850073078,20217.457691095944,0.00037005964802980836
112112,0.3755581144001092,0.0010145526392490265,3.063688731087252e-06,3.313700296370822e-06,0.0002834467293713374,-0.005364379553029805,-0.031579161666043784,-0.0591374390906609,-0.08412039164089005,1231.556576374252,1871.7099414652578,2799.517293905084,12442.196346669338,19202.090957441138,0.0006516489271868211
112314,0.37922659055580477,0.0011454886215413005,3.7766606567226095e-06,3.906783722700463e-06,0.0003415524362483695,-0.0054105154817842924,-0.03236477462506181,-0.04938188983834988,-0.07264172332996258,1190.7891200327972,1904.8199300866668,2940.4480767032424,10365.875863847863,17387.605882440625,0.0009395148070092869
112516,0.37627341898903843,0.002611997726558846,5.336865976980482e-06,5.2426836262046325e-06,0.0004769335692201658,-0.005946013567754704,-0.023949758398070602,-0.043068170311580264,-0.06101041931065805,1319.399180686703,2098.9954045644995,3385.2779675350444,8162.407206234408,16911.982244963358,0.0017766349624890765
112819,0.38131689453924666,0.0010671168333868104,2.94152413855052e-06,2.780565652318186e-06,0.00025186378932648233,-0.00525298930154507,-0.03785542955720615,-0.05737652672824578,-0.08688705060401858,1121.1935600526936,1713.0655209928952,2666.443056859516,14464.35355559912,18542.3222386878,0.0005317332597142846
114823,0.3935660943773172,0.0016549578487175035,4.642848915396965e-06,4.934182825150383e-06,0.00042807550370273256,-0.005745887154805715,-0.02052963714629982,-0.0404188826642773,-0.056664132975610904,1287.0014473585725,2072.0587107540205,3228.3871962387357,8389.953205617641,17313.551128643234,0.0014685512116075757
115320,0.39022510451646175,0.0030498105324449467,6.15309329975448e-06,6.989871880046882e-06,0.0005923780753807216,-0.00742686343628981,-0.023168428952198127,-0.035515329734088094,-0.054314650478316094,1467.9023675146323,2329.127819893041,3690.2111677141384,8234.444433747332,17566.165660876166,0.0026142698569192407
116726,0.3788067596482665,0.001109691160149745,3.6531893531475754e-06,3.7810193097835296e-06,0.0003307229706021855,-0.005377621741856128,-0.03397511728876332,-0.056215066757900445,-0.07180120165180232,1221.5382375066763,1882.2345358729274,2881.737897730469,13131.6590110222,18487.609624690675,0.0008867213139594093
117021,0.42434422377969006,0.0009088573019531132,3.3862722069330172e-06,3.471084300435361e-06,0.00030252017575459265,-0.005392679282789078,-0.030517352980092456,-0.042501952583437266,-0.07929791356137084,1232.7792430691918,1925.1843214401908,2982.3263969994478,12889.010955805765,18678.63246602452,0.0007210388090921904
117122,0.3639062107990337,0.0011344509558951735,3.758591248515774e-06,3.731581618716082e-06,0.00033325287037263147,-0.00535200184448115,-0.03060457276790417,-0.041439048289315925,-0.07768238428820796,1202.8293838129393,1888.3006274170407,3002.7363356611922,11686.235234374308,18223.879604636666,0.00088599775624575
117324,0.38724870979613046,0.0014305206564832506,3.599121616243375e-06,3.968168292793191e-06,0.00033657425001947503,-0.005514625055661623,-0.02574215005038427,-0.05309371178575236,-0.06795308647508805,1253.5560939568327,1939.0423246160783,2910.695723715331,10281.00415917219,17945.65934172467,0.0009410227437629468
117930,0.3958867484722093,0.0008415398568889154,2.1989819503333066e-06,2.0900833525588417e-06,0.00018743966233390912,-0.005126916578162617,-0.04866668813249738,-0.061009608442991116,-0.09362920601062938,1015.3540268224684,1531.433549264568,2326.9077676185593,12400.472586235062,20316.113515753503,0.000314806039302681
118023,0.34638357452859,0.005959909769958318,9.924831923149154e-06,9.329158764160555e-06,0.0008687960948665126,-0.008894822502160801,-0.019685315605447087,-0.031041774343622264,-0.049960251116514705,1573.6502412333261,2646.146980842182,4599.37668780364,3861.0126327922508,16018.84631386314,0.005514268183196601
118124,0.40357013360728006,0.0013452340723455636,4.240330247242552e-06,3.8738133378060786e-06,0.0003606332030712023,-0.0054019278403819905,-0.031080914892882124,-0.04503767457914328,-0.06447277981000529,1199.5239449689561,1872.218740073255,3035.3732543588517,10752.062946697277,18675.701354469067,0.001039058169982703
118225,0.3605075976495731,0.0025145502010318244,5.573024834545834e-06,6.528690329515439e-06,0.0005452612290136054,-0.007351748241334938,-0.023087289734034733,-0.0375799606795944,-0.05915187081090385,1443.8599051606304,2269.8803708080245,3567.7178203497688,7878.4892026438065,16994.163978269,0.002213220715168661
118528,0.36826097934142843,0.0026242460821669948,5.884240053680658e-06,6.175658178134047e-06,0.000536945706231493,-0.006688726774442821,-0.020488907518478747,-0.03338438716392618,-0.057504598602521405,1444.260078902352,2244.1430299901235,3655.344410619561,8903.416809859375,17361.618090472773,0.002163970914212547
118730,0.38530921553034053,0.0009091966589158515,2.628792154425144e-06,2.6329197551014974e-06,0.00023205712635629783,-0.005179439884101002,-0.04038800027497011,-0.05612558517832001,-0.09631875317956878,1046.024609782763,1634.3281210598668,2482.5710722381664,12716.595417115546,20084.998685269304,0.00046874373583845715
118831,0.36825726569781364,0.0015452143666882178,4.363326703978154e-06,4.648457715057673e-06,0.0004016828817383296,-0.005802281930349238,-0.02442056564937119,-0.044174662092267836,-0.06494175492421975,1394.0514959794068,2085.5326937409905,3205.5774404233625,12337.216426434597,19190.72405248701,0.0012263990794190115
118932,0.42680138405761686,0.0033987960145621886,6.320190712098611e-06,6.848144398650987e-06,0.0005937673058527019,-0.007047087009320241,-0.01937669579413373,-0.030386523424927307,-0.05996483114712272,1517.94864715623,2319.277350794235,3712.1448767879056,7710.947172624171,17279.13944158319,0.0025534341137553834
119025,0.3539986908000599,0.0026996660479620942,5.630719621402154e-06,7.433410150447745e-06,0.0005799692214979262,-0.007410333971026157,-0.01834325049876035,-0.041595488629516064,-0.06291224026592634,1455.565281714929,2295.042840346744,3554.1796607132255,7565.670339503593,17083.144178064933,0.0025625616365803857
119126,0.396346239221823,0.0013573485879058622,4.166437774076613e-06,4.715294475869668e-06,0.000395698477570595,-0.006153115256014629,-0.02520642030624019,-0.03848061536221188,-0.06833563375272134,1373.9107828578972,2090.5618309439183,3133.0089505971778,10982.562104230365,18680.386519933698,0.0012091174960487587
119732,0.38251887925185213,0.0007739649285193688,2.7161230992983137e-06,3.139315660405282e-06,0.00025741193144960417,-0.0053372770548960405,-0.04230936615740806,-0.0616676373837989,-0.0801518884893443,1151.6520195380908,1832.490202756342,2726.750173512816,13140.999422969695,19747.64172135596,0.0005531225085384288
119833,0.35979146231835485,0.0008134949264099572,3.111792274825111e-06,3.3217990154275657e-06,0.0002845508843266788,-0.005301217075683554,-0.03322774448467182,-0.056594620520817956,-0.08109867547140354,1203.5902456831989,1853.7069373302736,2812.2941580299425,12009.137722599175,18950.54634888827,0.0006737525131713907
120010,0.37211268881102555,0.002396357182378827,5.677061334887349e-06,6.102594917428482e-06,0.0005320318981442997,-0.0063052480466178566,-0.023379783186156296,-0.03713671254374924,-0.056854155811348575,1429.2394928600095,2260.8579874043917,3592.6125040460965,9550.295072022576,17703.319147774244,0.0021058787177797617
120111,0.37723478778564795,0.003021811881867186,6.169556787221416e-06,6.8895812474589355e-06,0.0005853600920770072,-0.00726088519759964,-0.020612719624116146,-0.034328279973456555,-0.05021167370350632,1498.9796589159616,2345.5912438606883,3726.6464222300083,6481.836852415787,16656.956030078283,0.0026033970409039472
120212,0.3241159880316975,0.0010328969095909572,3.538952995176659e-06,4.039720809713241e-06,0.0003354621698554974,-0.0055940531604457815,-0.029356536408659095,-0.05866398506980253,-0.07478086445987195,1266.0146091672348,1984.313334380528,3020.4804851120207,9989.301948361914,17214.675501177062,0.0009027149708885205
120414,0.34466466892705055,0.002396394883812318,6.132311124765534e-06,5.575329196392729e-06,0.0005188243015802922,-0.006049328431421365,-0.02994624686901124,-0.041145115957917144,-0.05295261913002296,1411.553844060788,2226.132550905581,3699.083559034616,6127.678622311946,16199.631990320268,0.002045591702811664
120515,0.3961289431436944,0.0006758471165565941,2.392905761682483e-06,2.5061065207116732e-06,0.0002165957289489187,-0.005181124072873928,-0.03587801673328622,-0.05924783022216707,-0.08298342534137775,1070.4492678943052,1640.1633472951473,2432.7551416470606,11937.737813048074,19336.482764696342,0.000398389511985056
120717,0.42307254403061006,0.0014880213956670351,4.196213152482797e-06,4.808105253712354e-06,0.0004037850155702545,-0.005924598970938567,-0.023576285459517593,-0.03907769228058602,-0.05892614164874917,1363.502358426783,2064.48021931238,3205.977606205292,10795.89082980421,19387.630049906107,0.0012750742926353217
121416,0.3480982883878124,0.0014533698127150898,4.2825121244308e-06,4.686114458709667e-06,0.00039763376166272285,-0.00577365444376305,-0.02444151366344949,-0.049038395589786114,-0.07131571698825966,1333.422233765857,2042.2601230364926,3213.0184793029325,10477.105666555872,17684.765545411916,0.0012472117520928847
121618,0.37661186774674604,0.0010037853137642876,2.925983599885625e-06,3.067663015836791e-06,0.00026536525016785935,-0.005300765412261415,-0.038648547467972784,-0.04987244492924933,-0.08283051029771808,1186.8486998269839,1807.7087527998474,2780.4142789784732,10876.01953764461,18504.708881718605,0.0005730391519251068
121719,0.36297913087272227,0.001259527227676585,3.2617221923075162e-06,3.909853466407286e-06,0.00031881075765679895,-0.005434462007633348,-0.034534227597375414,-0.0573201923485455,-0.07969503851466449,1234.689314628612,1873.678652480298,2782.203552832139,11255.756951180767,19163.170374785906,0.0008496776224642982
121921,0.37204679377519784,0.0012281423730477739,3.801259536163589e-06,4.0616356098923485e-06,0.00035037073973203867,-0.005431999908019094,-0.03124034370082014,-0.05100685847683099,-0.07784020318698032,1216.556398547926,1927.3170324477169,2999.3673017836404,12141.609278259531,18523.36899880382,0.0009761892448233139
122317,0.36302313215410337,0.0013100887287978986,3.7337412509291065e-06,5.061466169722962e-06,0.0003887129826918454,-0.005769227771565008,-0.02908103480849428,-0.047130314012547886,-0.07914381496717734,1307.6917531715792,2029.353046470242,2984.6822259209875,12172.863547290173,18801.782696229155,0.0011821352630502918
122418,0.3677121760526759,0.002930907005366754,6.0652347404109535e-06,7.036382502417578e-06,0.0005845694571734951,-0.006488914465234759,-0.018816814628883405,-0.03243487948676606,-0.05942484732400524,1483.1895541729602,2321.954709452438,3641.6256821014404,7848.735658178173,16949.285220001646,0.0026546827986538984
122620,0.369733116247917,0.002559384874976165,5.85098964019135e-06,6.17708682469268e-06,0.0005366342865371922,-0.007456088673681301,-0.025646655892990325,-0.037318151136265104,-0.05401826544968147,1491.719741637908,2311.234762850235,3637.290021595503,7967.000266064652,16808.96451159095,0.002175866080253545
122822,0.3924452194540598,0.004706349406020344,7.062903660693095e-06,7.563494065854969e-06,0.0006605776497630557,-0.007443851415705538,-0.018257770601245407,-0.029480935628325385,-0.046608435159084825,1502.240801366462,2408.605157862417,3854.0740190669712,8910.476166961445,17858.660198599177,0.0032115408587716668
123117,0.39568926334850746,0.001159421285525277,3.453678583758646e-06,3.682439471607516e-06,0.00031810776698677713,-0.005420708059449209,-0.03740769909920318,-0.05546619669669604,-0.08462474197050893,1231.2798168597399,1879.8363955353907,2918.640897667285,12412.478902487903,18779.363222512467,0.0008031795304936864
123420,0.4097575562395097,0.002245051358289849,4.976282260472168e-06,5.338131646273232e-06,0.00046338938420211585,-0.006136360231764415,-0.023882007822552544,-0.03940775844559627,-0.05839427224100021,1393.8174902146584,2177.7702915378563,3361.380543452253,9979.353357382082,19266.49823893276,0.0016329471861889376
123521,0.38068168490810295,0.002255630443233807,4.536337262677765e-06,4.496590663167768e-06,0.0004009138613471458,-0.005825069176367586,-0.027688754014577932,-0.04335161384206228,-0.05770545869655723,1321.312008635151,2021.7812807960988,3226.027978160833,9308.829119153714,17080.50281616571,0.0012877881931917395
123723,0.4242314051445005,0.0010130217713372799,3.0545368635497927e-06,2.5084989916932393e-06,0.0002445836035721941,-0.005200144884036938,-0.035158870143132,-0.04747428453078412,-0.07814150126509044,1020.1129754850755,1638.6345840179144,2652.3924928216393,11626.888075239534,19712.57050597759,0.0004894058618322455
123824,0.3971745604489627,0.0019719579694637947,3.913585556314307e-06,4.113792935051854e-06,0.00035849346470479075,-0.0054841564241561586,-0.03115674651301078,-0.04387638013118613,-0.06362324274368926,1216.4127366489165,1923.34350949359,2966.541957133614,11713.741453272147,18117.627852743168,0.0010331235532009327
123925,0.3921036450010355,0.0015174088089239656,3.863913022894764e-06,4.223776676138722e-06,0.00036383639151970075,-0.005461015949097897,-0.02651925615007443,-0.03588929427729311,-0.07072676539765929,1116.945613751137,1840.9992745850002,2925.455058142773,11799.49276403181,19260.411279701424,0.0010497260809423843
124220,0.3784889252368117,0.001366349419705916,3.7417085455767922e-06,3.897078383005191e-06,0.000338226745945116,-0.006013207048044226,-0.029226460809377162,-0.03766182453350035,-0.07832069432945403,1305.9713322490645,1990.5988580795645,3047.6920066773546,9841.405067814781,18775.435159289114,0.0008938209706549591
124422,0.35421379278265436,0.0008242737892338112,2.974943238614661e-06,3.31185198055722e-06,0.0002765625409384453,-0.005308708891849159,-0.04345027310216003,-0.05415002766052612,-0.07377576580602832,1191.441702134396,1842.38497590987,2730.819734258364,15119.14955459541,19104.209921500795,0.0006112755313607876
124624,0.38016321339447445,0.0026613841552788533,5.509331958762768e-06,6.163849547217322e-06,0.0005185080298497286,-0.006558281874527705,-0.021871635189872837,-0.03231863594126464,-0.05104536013979888,1445.0706130950903,2251.05426323329,3560.952657618943,6955.378260437693,16948.61264257851,0.002002092231333117
124826,0.39047438480228913,0.0012581512563918657,3.974716704115211e-06,3.967575233197472e-06,0.0003544161332215952,-0.0055486826788636485,-0.03197179753331534,-0.044654530110221004,-0.08712133395504813,1289.7543153667752,1975.5393038884781,3027.0627788759907,11969.456409749528,18842.731619438724,0.0009867834939377058
125222,0.3771418228405921,0.0010093146639541476,2.6940278230406887e-06,3.0706868540048286e-06,0.00025555165693079586,-0.005281153261589396,-0.03855001561049025,-0.057363127787064996,-0.0952691287787023,1011.3970137510642,1675.1175778010058,2520.6655451872925,11973.758589989737,18986.32057199191,0.0005795685384655303
125424,0.3694735082161169,0.002603429122837859,5.458689551699182e-06,6.0291344219321985e-06,0.0005175555574322854,-0.006080205064548509,-0.01900118535849011,-0.036821319894361756,-0.06293973960863752,1350.2821544466997,2150.0671052130583,3416.9578804079724,9737.746598248723,17563.247632285318,0.0020807174911276582
125525,0.3823863860143126,0.0010412041476823627,3.6802558683637775e-06,3.70404857101342e-06,0.00032681142481815286,-0.005339526288459018,-0.033362147236167705,-0.04769603807428796,-0.06791812935942654,1187.836344200201,1910.1806856790267,3014.970518633216,10868.827401658351,18080.831367602124,0.0008470999887339875
126325,0.368487901206672,0.0009300021970596947,2.1529374801641962e-06,1.994039212137442e-06,0.00017976992376754426,-0.005108255615006857,-0.049923642736139855,-0.07542061567675874,-0.10294571676996304,943.799920494989,1475.5776937640353,2223.402095972003,14297.646039468102,20051.42453723165,0.00030018894071214295
126628,0.38866055816391487,0.0009208580930189601,2.744557556277266e-06,3.545851770476024e-06,0.0002756059210631268,-0.0053215743585995,-0.03678011124439377,-0.054982238562727895,-0.0817819950399942,1198.535436399021,1846.3395628418698,2717.2536258339874,12977.930842574468,20225.799025979544,0.000617311243760083
127226,0.3824649104002674,0.0023690550361149653,4.566132443552871e-06,4.6453026025258975e-06,0.00041217981138770647,-0.00598768471128585,-0.02310148641548554,-0.04087911333094585,-0.06707204591386791,1324.318300610842,2001.786392060442,3118.5696666291624,11599.388181593582,19050.783887810903,0.0012813470963897265
127327,0.3656187718541787,0.001038424367399208,3.334417240666397e-06,3.251553865932364e-06,0.00029236251994702056,-0.0052711748883442315,-0.03626834061668785,-0.04524530223021164,-0.07118427056120628,1156.6445696952007,1836.381657281668,2896.2226072727003,9732.66428871122,17631.627611328247,0.0006928932875910103
127630,0.3731886372519202,0.0024926559972863454,5.355563217926563e-06,5.989047865626804e-06,0.0005092717493097704,-0.006545945580113587,-0.021564451043539268,-0.03578156738727657,-0.04764770769190963,1395.0966450583567,2225.337632960628,3479.2612963840647,7447.439724438489,17536.313381726843,0.0019172816568168594
127731,0.3789908369793864,0.0008455536805209833,2.9878326230211947e-06,3.124151990886246e-06,0.0002700934135585762,-0.005271705309548125,-0.038488454471181016,-0.054763738276104715,-0.0937657005720672,1186.4966750883132,1831.0850990094762,2760.6337871859614,13885.254460035543,19287.844742656343,0.0006043755235763426
127832,0.4390111463886055,0.0033132101892172417,6.507884149431081e-06,7.143935424846199e-06,0.0006194525020056857,-0.006933215375581774,-0.01975466270723328,-0.031910690897423634,-0.05861202747538481,1434.1479878067398,2300.7252569270813,3710.548316748272,7584.586900293677,17471.204657415703,0.002846127000579826
127933,0.38686901364234233,0.0008450538373440056,3.13419815184226e-06,2.9178153514410333e-06,0.0002665402707289076,-0.005242906416474895,-0.0414257303034878,-0.05178388808539411,-0.0723275501636207,1187.8363734323932,1821.879277147789,2776.2216619856517,12882.491560569928,19359.542158924643,0.0005751499377790186
128026,0.36715782402967434,0.002408542694353451,5.823013059051375e-06,5.912059131703977e-06,0.0005299252571676741,-0.006503779857588236,-0.02339121789547658,-0.030604236284813437,-0.057323037323573134,1456.7209432120426,2266.5931310646047,3626.665227860861,7385.251611773526,16994.163839605193,0.0021610512308189414
128127,0.37153171316391204,0.0006589380965050047,1.9806020322003986e-06,2.0794126940890414e-06,0.00017783017673481227,-0.0051057424454610464,-0.06029618360343754,-0.08103503056611872,-0.11033751900899025,915.3296950025789,1457.6706407955994,2199.6257929313297,13451.164208234828,20461.050730951654,0.0002895721611234113
128632,0.37656964905060764,0.0017235122678730301,4.635908529734559e-06,4.6445218301851495e-06,0.0004153368073820875,-0.005687275984429904,-0.025088357832024004,-0.04436223897508633,-0.0639350543337856,1267.3954771906413,2005.2730825921271,3195.801808869126,10528.958880089753,18062.69531308447,0.0013782071312952882
128935,0.4319006211238082,0.002434562566581926,5.61287876268565e-06,5.498691386551342e-06,0.0004961217819663875,-0.006078393851896147,-0.02229483075369945,-0.036779050401987465,-0.05307346916433234,1405.3269426876,2257.402280911959,3558.737939060158,8477.480525270528,17875.68127100817,0.001827890372582601
129028,0.3433444701094905,0.0008078326684991794,2.9424237098797266e-06,3.1079888956688394e-06,0.00026565063719832127,-0.005261319075171245,-0.045111767047944076,-0.06414486665827325,-0.08514339990928847,1171.9873157300647,1810.7790980790667,2737.3853277613416,13889.645163327465,18494.341395897667,0.0005803377766295556
129129,0.3929301939542312,0.0010172936520580222,3.1352870267727677e-06,3.010472759033836e-06,0.00027091490889708555,-0.00526371864154811,-0.033506333367312555,-0.05368159086386775,-0.07514330708473871,1102.7024749523694,1748.9083053350055,2750.0510916862986,13213.215999931013,18392.48963581969,0.0006227865971305688
129331,0.3810978856513515,0.0010248179189517553,2.4521366710614894e-06,2.5781185964970153e-06,0.00021995715873215422,-0.005189309811386801,-0.038673763366539715,-0.05653239495658714,-0.09448934037361514,1100.639627942879,1655.777202679686,2518.0580827988665,12632.973465487712,19146.313998696714,0.00043117015869074607
129634,0.39065590721813526,0.001672824119348099,4.688908471706896e-06,4.763382763053254e-06,0.0004243021350890687,-0.005788855172406255,-0.023488039642493904,-0.04175984318586633,-0.05763566963770512,1331.0575981754332,2095.4932027032537,3276.7067914631098,9300.880046414137,17414.568308489033,0.0014006557832165407
129937,0.4142133364007994,0.001164493256504095,3.923558236942127e-06,4.010167659534242e-06,0.00035227949368795623,-0.005831113402056824,-0.03118924442198882,-0.050840208903051506,-0.07414753205711047,1355.2526505673484,1986.9347657063054,3092.2213446139,11117.840037733014,19207.189238066458,0.0009496943959092748
130013,0.3567284678916616,0.000773358612574878,2.507961114162191e-06,2.5282006553767473e-06,0.00021816910349768649,-0.00525944839118914,-0.0493864181180958,-0.0742723047158886,-0.09076019700179952,1147.7524430452427,1698.0484042254523,2587.684651436281,13236.239502033677,19282.477120336287,0.0004071840873311246
130114,0.4162044787107011,0.0009536180553013387,3.2017714094498913e-06,3.2445524377786863e-06,0.00028582679895307653,-0.0053080414181598395,-0.04125216125056937,-0.0564004766848613,-0.07723612045569227,1200.116860850718,1859.1576099872884,2877.5743000702982,11770.55266814761,19127.676958634755,0.0006531320065522472
130316,0.43024525433721567,0.003535289020454248,6.200089763714068e-06,6.526378978288093e-06,0.0005735532144173915,-0.007179288965859111,-0.020801196097011306,-0.03080727789878265,-0.05633489299555296,1504.0747163500373,2283.706763501619,3686.75597000791,9487.728325405453,18098.365798888037,0.002397426272053208
130417,0.3530967482689576,0.0008860867616640599,3.2911769542170954e-06,3.4832208570189554e-06,0.00029834135149547485,-0.005299520786180619,-0.025850138269366944,-0.06592645984610015,-0.09175139182468914,1132.4885169088172,1838.6093278637193,2829.944964679424,10185.351995960897,18049.87135116947,0.0007321695187820648
130518,0.380187931444162,0.0011167222824297462,2.5513458949128176e-06,2.775330441351665e-06,0.00023532976656701253,-0.0052015873523597045,-0.03455369798661995,-0.05506869118008762,-0.08381375843170788,1093.703143581822,1694.0743782707118,2520.38712369355,13148.055826886406,19419.974792432,0.0004775324286671873
130619,0.3658825434759399,0.000691158206823455,1.895809903918842e-06,1.954457900178864e-06,0.00016760455854248618,-0.005104960217363581,-0.05630384708371208,-0.09481768561991626,-0.12145834908313428,930.0839640668347,1426.0221252766823,2114.058641165761,14221.97975627033,20947.15630630308,0.0002616569363515091
130720,0.38473614851855414,0.0007943606181402011,2.581943387226117e-06,2.918570707266965e-06,0.00024359162239318157,-0.005225193627723369,-0.04499234491121347,-0.07650920358040189,-0.10131220464565725,1066.2418998245105,1704.6420138403564,2542.509355160755,14551.55179940481,19345.020025357513,0.000511946872814787
130821,0.37664424274702896,0.0034272751869262653,6.342716888144887e-06,6.849007892525923e-06,0.0005951975684631737,-0.006895766535939016,-0.02256592165474003,-0.03614081773093042,-0.050666320270343866,1535.6446160352307,2380.493517613143,3751.3508605778607,7272.291504591152,17321.144739884476,0.0026228439086791954
130922,0.38119289361158465,0.0019222775843234419,4.380646450931265e-06,5.062997470228428e-06,0.000420395768899593,-0.005700606773899244,-0.0243165220161095,-0.042514212593595,-0.05952790870496514,1275.4523665294737,2040.8168443596198,3102.1343087329205,10455.509105835998,17697.767135500602,0.0013958183592931385
131217,0.3766373904532312,0.0013479203917653392,3.7499928503122144e-06,4.252239144060504e-06,0.0003565613894848427,-0.005423718680396941,-0.03310844902598075,-0.04799669730356221,-0.06624105003929881,1212.312798678624,1931.772294897427,3018.7160771811978,9147.251504010736,17395.076362475073,0.0010576252517209297
131419,0.34089854226763167,0.0008583106029782897,2.809341617733621e-06,2.7432648658418567e-06,0.00024275175072700685,-0.0052042601742848735,-0.03983324967429848,-0.05574410504259218,-0.09397079111811202,1120.3628763231648,1715.5755278047152,2632.8634446385654,14252.552343754276,18683.201257132892,0.0004921910987997626
131722,0.4151828795106078,0.001426673305337089,3.771665608694996e-06,4.4974825944264835e-06,0.00036827849499778786,-0.005643023876760328,-0.027182580815780566,-0.03836847032737113,-0.06447708302707944,1356.520494274004,2046.437523667734,3096.9025254158782,10506.107066419685,19496.768899108043,0.001072569002844468
131823,0.40192342633603795,0.0010646438863963293,3.6741721583396894e-06,3.360746404313232e-06,0.0003101780613228073,-0.005330047416031606,-0.02838232270648361,-0.044567128525156145,-0.06415373755392767,1204.4772228696659,1886.6621223659938,3007.56794823834,11792.008706609868,19013.81071557733,0.0007583304518707929
131924,0.3870576885909132,0.0007884614136331992,2.754978669165919e-06,2.9257594985878115e-06,0.0002497802249056164,-0.0052901909459458045,-0.04093690076205899,-0.05271976288657839,-0.08545107466391857,1177.9688463620382,1766.6625768624035,2685.987949786618,12487.633387828315,19532.373652913488,0.0005096849656625154
132017,0.3803628492226194,0.003005060544685887,5.818721571154315e-06,6.496576528293351e-06,0.0005499123003301402,-0.007150995045222256,-0.020246971687884932,-0.03376072418822748,-0.054491705470221696,1410.6468619907234,2258.344334289745,3516.41020682883,8101.55733056818,17105.952479252006,0.0022797239465738597
132118,0.4097893902599658,0.0007133117150788417,2.227646127905605e-06,2.1695096637915787e-06,0.00019249715042951365,-0.005147469609585554,-0.0489115380506293,-0.060188486267756594,-0.09190325253004213,1056.3754281578874,1588.3600619799763,2406.4608091918376,14887.102018997508,20488.976828082625,0.00031436758874694477
133019,0.4023080931922982,0.002014470880087749,4.593673249090288e-06,4.6140606272919765e-06,0.0004118169892346192,-0.005661010046101672,-0.030376497324434964,-0.042985933188781945,-0.07170929540243841,1313.71497673798,2035.280810086039,3147.3907010759162,10436.751292530553,18887.821041778217,0.0013404196007358634
133625,0.39134811775800543,0.0008534296709694342,1.5163077865440347e-06,1.631278880454674e-06,0.00013644809826584002,-0.005061828926910532,-0.051771848094431444,-0.09518465802476232,-0.1432293477228434,801.8109868922348,1302.9882409432535,1981.2618928420077,13542.988488384675,21218.055192085194,0.0001885408368008295
133827,0.4043012441564976,0.0005965683111946475,2.050867274718214e-06,1.7788518150307332e-06,0.00016557328815832798,-0.005090280519838168,-0.052909308129578766,-0.06424883296809786,-0.09220830514246088,897.7809577271296,1405.8528851725089,2199.172401511944,13500.166915083288,20340.153298958845,0.0002577868319411382
133928,0.3372610821486714,0.0008743717811744807,2.7074775237336824e-06,2.768486371198971e-06,0.0002409197730214499,-0.0052159141692673175,-0.0447940228844558,-0.06039996962917158,-0.0880915452970315,1089.1415753071003,1697.6271721434268,2594.243998015859,12498.711792354357,18408.60545196616,0.0004778421117372292
134021,0.36193749001040926,0.0013430436111122551,2.8977737374289417e-06,3.1088972651934794e-06,0.0002658086971318439,-0.005274424020035067,-0.03364604371245242,-0.05333035559180511,-0.0885044143979403,1166.6358640522615,1758.9026719921355,2619.5672996413145,12122.23522509493,18616.658965610943,0.0006209065865099107
134223,0.3671961324086197,0.001247624444950503,3.727444720011634e-06,3.8590617287365774e-06,0.0003389241222078706,-0.005525569079874573,-0.034778701620488774,-0.046669933481173154,-0.07189931347397896,1238.508135826823,1905.9116617334446,2970.0788929678574,11486.836974697151,18461.412530913847,0.0009076283351002262
134324,0.37630703159642725,0.0016886189481610725,4.440000538902375e-06,4.351658924930543e-06,0.0003932083861899016,-0.005568829278383012,-0.02516122607711534,-0.04211461272740227,-0.06488686321712799,1281.096369258527,2028.9356164477354,3173.8468408958056,11211.558810914154,17917.17797080113,0.0012380077241622917
134425,0.3879975168187383,0.0013641113181104218,3.9536499409254e-06,4.079456961252446e-06,0.0003581583628476644,-0.005639527922465647,-0.02803204416418819,-0.04104231227483237,-0.056981152067759194,1346.0617702803995,2039.2217608781928,3150.64635689754,11207.610225502667,18468.762055824227,0.000994340404824584
134627,0.3818500794207115,0.0012059707967268737,3.348493931993583e-06,3.849753502201617e-06,0.0003215538148991551,-0.006584032496144864,-0.028435051091814545,-0.04509764109097265,-0.08708115248755251,1275.3031658065986,1909.1125929228476,2818.415602208572,12931.539203873808,18983.0206432415,0.0008753199397263565
134728,0.39963764425450277,0.0016891784389997282,3.7208882416836228e-06,4.073439066697986e-06,0.0003489297190634892,-0.005794207823200965,-0.025876131882043605,-0.033668983556383154,-0.07166083257543206,1292.202783593204,1908.6066129694955,2926.3087042447883,13674.765199797648,19400.051378007098,0.000957956346399935
134829,0.3510578151124521,0.0009436731573450229,2.7818280502480753e-06,3.7629513383454824e-06,0.0002886416880238107,-0.005424480385394274,-0.03067162611166898,-0.07244679536196597,-0.0894179800357707,1219.6767719852824,1807.8099113793999,2582.005082308039,14233.781991438264,18826.573887990802,0.0007058483582771914
135124,0.34645596925577476,0.0008595238871714677,3.0958071242857754e-06,3.876192252577695e-06,0.00030683619225552595,-0.005622747760694316,-0.03219105468967816,-0.05941942367066039,-0.08689519900664391,1298.4918564590926,1958.4332922973526,2853.059572388642,11010.097775158192,18226.979333354,0.0007471881109421486
135225,0.3625618338264415,0.002709663158082133,6.428471525897159e-06,6.262807591812451e-06,0.0005694597637887542,-0.005959765937158856,-0.0195546874297133,-0.03497314933378912,-0.056679161215740015,1347.2423828698572,2260.4629650749,3769.6332758807603,6556.791342382121,16543.98667923393,0.002520901489577605
135528,0.3584447271511187,0.0010009064089717289,2.2145665562600986e-06,2.8659180187546203e-06,0.00022085277909985907,-0.005201959678020524,-0.044819732352423106,-0.07285956494989881,-0.09451304458146054,1078.5255592255746,1659.7662076705076,2422.8072840965738,11640.695000252557,20256.06006221379,0.0004385527474215367
135629,0.41640539526472353,0.0009729099673162098,2.930555103127945e-06,3.1762678729055234e-06,0.0002715402864285315,-0.0054059757215824955,-0.03931524379560891,-0.05549875069849227,-0.08369536630289087,1132.7841252572314,1732.076872217267,2583.253278448454,11301.650728608047,20549.17034235326,0.0005845108115042553
135730,0.40324853675676464,0.0007573618576224462,2.769569232346842e-06,2.8386454634526058e-06,0.0002463204744176896,-0.005276624251448588,-0.041016430651533486,-0.05216357675064739,-0.08327643053361047,1191.554306578248,1763.034949245724,2644.7543285077672,14328.7711582149,20403.863212181317,0.0004932365507429736
135932,0.39738686154737385,0.0019805895849754227,4.692266558697345e-06,5.078853455861277e-06,0.0004375447497284975,-0.005961499662110898,-0.025612755840710245,-0.0382678085174132,-0.06709874683808309,1393.586425754658,2164.999380324912,3315.842452805538,10616.264783355831,18502.028557756035,0.0014864613148027847
136126,0.3763158147054218,0.0008113661154453089,2.375727338488875e-06,2.7667295087208555e-06,0.0002253169761020433,-0.005378977569993261,-0.04404041691724397,-0.07066321046803495,-0.08914763382519665,1189.2569456679396,1739.0619219559828,2508.764615571459,15815.262166091175,19950.880962222436,0.00044049046468201724
136631,0.38281420554766443,0.0017242077184519045,4.767442809633869e-06,5.12329944646021e-06,0.00044162372859947625,-0.005864006574978141,-0.023242716913561577,-0.041259919269280645,-0.060654628121933896,1315.894202949796,2090.8943372980048,3237.7736816270003,8455.572779320366,17315.671750278383,0.001514214669437058
136732,0.35966516913267865,0.0008552362417983336,2.5097967171967255e-06,2.8853690587576266e-06,0.0002365915846569766,-0.005195316955360657,-0.0345130304542388,-0.07249568013042751,-0.10525869009175264,1093.3074832742172,1721.3686832662506,2522.81947490453,13484.563018598998,19551.248233406866,0.0004731055510963865
136833,0.3682432410836756,0.0010749126957048894,3.3625413468443854e-06,3.895253357885953e-06,0.00031992963583146543,-0.005468868917248244,-0.036373307881888535,-0.06208109610304054,-0.07537966311794875,1263.9710891397665,1935.2387591830006,2887.882507505876,11023.150780628432,18500.124660796744,0.0008259094654243151
137027,0.3587763707755391,0.0010850890042235775,3.5628125288658914e-06,3.7305901068480467e-06,0.00032279080595159706,-0.005362610559777312,-0.027226471597133112,-0.04482665872124898,-0.07449496816460852,1123.1898558650491,1836.6855015218598,2860.217357841633,12593.271011067842,18900.798349646055,0.0008422060951079085
137431,0.43931339280219533,0.0009095693036011722,3.1716127585912724e-06,2.9364839270030925e-06,0.0002703442218883821,-0.005305642261022817,-0.03684836099147041,-0.050201705971518004,-0.0820052007418788,1205.3386164272108,1846.041853022771,2808.534428066173,11564.32071963727,20351.045376359223,0.0005780451631972743
137532,0.35820241321996177,0.0018213907795657978,4.195910334267914e-06,5.064421482478135e-06,0.00041320851841754645,-0.005879136881553627,-0.02746808455206129,-0.036104904437449216,-0.06384483392617116,1320.5654373244965,2046.6574828963091,3150.6270723047483,8866.675416046597,17593.505059866056,0.0013179214741846643
137633,0.4678867583689517,0.002423201009182933,5.130745750743954e-06,5.666242714617501e-06,0.00048556665682761014,-0.00598572951653821,-0.01619779531322779,-0.03416332514794597,-0.058711423673590425,1417.3367105069976,2227.73118919064,3499.6354391038512,11679.86887657855,18245.096263942953,0.001826235903258547
137936,0.35161108695029725,0.001956390394843389,4.81527998626688e-06,5.331676469292729e-06,0.00044867267505153936,-0.006816072595966678,-0.03202451054691152,-0.0404469392675786,-0.06699841568115605,1480.3792569517636,2169.313222105634,3358.1560324508787,8611.962078538445,17073.568265943235,0.0015087252404436117
138130,0.3716208573428922,0.0008890611630578662,2.8776199497567333e-06,2.732559037660894e-06,0.0002456275579447666,-0.005205727361672265,-0.041948620675587155,-0.06216308560256562,-0.07624537022326291,1086.6249282576216,1692.8110562489117,2619.911173989114,11846.71158239598,19001.726684662422,0.0005153063494175397
138332,0.3616829802891142,0.0009097611567643182,3.077954817468523e-06,3.4927651942386723e-06,0.0002909992951965144,-0.005323582527410418,-0.035012433907573935,-0.054569920312554566,-0.07841052376181679,1203.3483862896805,1868.7877820701392,2775.63628995673,13830.705939096822,18953.387622904014,0.0007018075465857523
138534,0.4263424286298229,0.0006820989066575026,1.5561258542350326e-06,1.537775245290962e-06,0.0001326796754264892,-0.005120043491142531,-0.0632872361300921,-0.07380743793354251,-0.11555678166002678,936.2473572744385,1399.4471942711316,2093.2523987677905,12326.858300087117,21753.823329627165,0.00015175353101554303
138837,0.3901822523425992,0.00273977661000621,6.473474878946528e-06,6.0616455558192485e-06,0.0005639918896607223,-0.006137417022117095,-0.02003612667976351,-0.0360174416212975,-0.06195087795349568,1392.0984641260704,2278.492348432757,3741.983865837702,7033.621099142161,16512.106025899557,0.0024051953696255526
139233,0.40222789555258215,0.0034418510114056088,6.055922729941664e-06,6.275836385069202e-06,0.0005563063187748302,-0.006330416348624388,-0.019678526445341626,-0.030574969883409832,-0.04735685631808617,1395.4433990991022,2194.494171031756,3487.8878090388293,7806.550433222056,17183.201853927145,0.002344391756389401
139435,0.3663643921547133,0.0013366036506095044,3.993856225711077e-06,4.471834078755706e-06,0.00037851811512976894,-0.005777800073813195,-0.02560637533302765,-0.04596265153916636,-0.08065340154118246,1333.7180425284612,2031.842681231229,3094.122358181379,10209.917109137878,17968.440567057038,0.0011171555538234215
139637,0.3926255567789292,0.002523102085470925,5.150408467019177e-06,5.563896567264948e-06,0.0004781794048534254,-0.006532850473014736,-0.02192581522515981,-0.030085582998854762,-0.055661381198360275,1417.9983211616502,2178.858321568327,3382.333822846357,9541.64650280235,18150.114440062953,0.0017330811702740998
139839,0.3962017111440037,0.001885210358877206,4.7947018938946565e-06,5.066024513627052e-06,0.0004461353049244181,-0.0059179977392979435,-0.02530448382957505,-0.037114771344610824,-0.0521668882669339,1331.5835390219427,2109.4831869065843,3301.910312633527,9704.305064611011,17860.52671316489,0.0015291828061538947
140117,0.3405637781669273,0.0013683620161848876,3.941388864434137e-06,4.703833133809237e-06,0.0003827106198169788,-0.005727790423567903,-0.02910820757549833,-0.05491557784976722,-0.0789058034287794,1266.9029703601573,1999.583926849676,3057.0670271575864,9236.540320322158,17500.788233620435,0.001147751072200394
140319,0.3792251880704262,0.0006932976735877913,2.9105292154258273e-06,2.8905449123194724e-06,0.0002558866556152008,-0.0052770872709023905,-0.0417517733822882,-0.05609728711367298,-0.08215915703063395,1218.3989367756499,1822.9416823898234,2755.433445083916,12211.872335047854,18539.955708651643,0.000518421622953663
140420,0.3919463991911873,0.0009478451704543033,3.2923201152056783e-06,3.4101991351488172e-06,0.00029723704864179605,-0.005409204563219763,-0.03222183365215839,-0.04262286365604268,-0.07457917039462499,1246.8981614899176,1895.9791785202162,2879.701851594311,12428.062344357551,19320.611950103463,0.0006809589498097314
140925,0.37098802326138497,0.0010149575695103288,2.6193403275632036e-06,2.6441361084947963e-06,0.00023147985014695393,-0.005170441547652449,-0.04407550246861573,-0.06283287763794908,-0.08347460553514084,1072.7089061396632,1670.083703610252,2541.6850271967132,12948.068224171022,19164.266721427364,0.0004646707006121454
141119,0.35741097683760825,0.0010767805801595387,3.3478489544917592e-06,3.1311650488494483e-06,0.00028330941578722077,-0.005261625967564236,-0.04019660698023573,-0.054921899841248956,-0.07661720096560236,1129.0308587109832,1783.8006955261058,2846.981946870311,11310.865674948249,17829.75561825258,0.0006833524630387721
141422,0.37307017738405684,0.001756886059661948,4.267274993574367e-06,4.432235384190248e-06,0.00038763516399255386,-0.005525282839968304,-0.024894578707743545,-0.04735137624591189,-0.06916236716503052,1241.0525965413851,1972.9609362462072,3112.249098479238,8595.952340374819,17549.672723325064,0.0011781385567557743
141826,0.4069715516198448,0.0005420396040297237,1.72882944726725e-06,1.7774768589574685e-06,0.00015247928526761624,-0.005075479243293456,-0.05531302584548239,-0.09353978134232822,-0.1103588980967489,874.3356552393674,1405.007333349336,2085.0943935854675,12304.771423169748,21976.918684426215,0.0002107501647293804
142828,0.3785469000907878,0.0009080842540019482,1.9204564241343246e-06,2.115632753064943e-06,0.000176257534186081,-0.0051359104133841815,-0.055325280580513295,-0.09959849490260095,-0.12221618388511034,975.6001892380406,1468.8792128467705,2201.9459304977104,13855.879551431546,19581.235796856123,0.00029406067057555435
143224,0.3643190206948273,0.0007820841373486609,2.869068264705136e-06,3.0413075920105697e-06,0.0002615127038545724,-0.005335807433020329,-0.038790162543692275,-0.05503464572490588,-0.07578784905175666,1185.7042863438653,1801.6092493359945,2694.138207941221,10449.951931535303,18754.916570794903,0.0005498004076301975
143325,0.3687144321714034,0.0009631312361553955,3.475509941316252e-06,3.7857618835644278e-06,0.0003212198339079291,-0.0053587989979136975,-0.030752141695238735,-0.056260218074634355,-0.07831687769637972,1228.1642500827475,1923.7173320861905,2953.7105899895882,8798.005632835351,17739.605449687017,0.0008541180992597601
143426,0.37267825223614337,0.0014706739420735138,3.6887894560488535e-06,4.141609720607843e-06,0.00034913125682751886,-0.0054419362464286445,-0.030724783098833842,-0.04953169146061327,-0.06235988343123049,1218.3836182898067,1950.4953754070443,2973.101588221125,10455.50191171278,18466.427190194252,0.000980255951689377
143830,0.37222468102758927,0.0005114505008581775,1.6752858417213234e-06,1.9228153803043694e-06,0.00015649625948197893,-0.005083870515233298,-0.062359038949265436,-0.11765619321578963,-0.1388753040794269,940.4686899103276,1484.1002336638119,2162.8904283120005,13960.93997806685,19927.459746870998,0.00021917587659036808
144125,0.35116679561509945,0.001316252278347031,3.663866195162245e-06,4.191087865781076e-06,0.00034812703046954924,-0.005461408614897405,-0.02471704244556979,-0.04831326671216335,-0.07491889178503576,1232.1823097188487,1967.3922030198198,3000.177758241547,9884.966897159535,17756.244595452798,0.0009658513117222967
144226,0.46186427817814824,0.001391757805658616,3.6500645815756154e-06,4.210362282318568e-06,0.0003518011076675062,-0.0056048814260432275,-0.020056988517853733,-0.04046973519762644,-0.06670229230194247,1203.3812722860553,1953.1589842367782,2851.6128252082253,11655.020645404984,20222.681255154086,0.0009470105689303666
144428,0.4157565870906492,0.0008888593948070445,2.2733651638930705e-06,2.639231078227299e-06,0.00021516750600540085,-0.0051968652367278476,-0.03248111948122571,-0.06614929966118473,-0.08799421927548026,1047.2807821747203,1672.2715701926224,2403.6371662566257,12681.505059695577,19960.831832220865,0.00039637764438216547
144731,0.36800675133826927,0.0020314910414049843,5.181987165267412e-06,5.402415947186741e-06,0.00047071303822303893,-0.006044731938834369,-0.02564451410014803,-0.03949499348999996,-0.06602284095417073,1462.841209512533,2215.0127426455715,3494.8107260045354,8707.19709191337,17260.05491412704,0.0016645183296440228
144832,0.3921925404550926,0.0007407775606457897,2.6746921538647662e-06,2.8553784522801223e-06,0.00024396293859449848,-0.0051802751310929054,-0.04026138509294485,-0.05459141166750667,-0.07639809926159172,1047.4734629289378,1692.1864381686669,2563.258654580908,13411.280163449585,20023.60552207709,0.0005014349450682378
146129,0.40171519868598876,0.002281821365560864,5.506695811412645e-06,5.537458938587839e-06,0.0004898597696642305,-0.006122987442300278,-0.021716111480795695,-0.028966787780396387,-0.05903730873220601,1423.1039477453476,2188.087917603449,3516.8632530830537,9788.547030269798,17607.769690752208,0.0018034099092331028
149337,0.4005370605722229,0.0012848811270522737,3.872584136352617e-06,4.779770625479075e-06,0.0003840897852592413,-0.005587002508253711,-0.02581850803521317,-0.041063066168897794,-0.06610429314452129,1217.1396214471583,1960.5720253933962,2992.151582073778,12962.894752334605,19300.523318215324,0.0011668721639385975
149741,0.4407643636589475,0.0024672856080830367,5.101465038244168e-06,6.341358611746583e-06,0.0005145445348964286,-0.006707776634535955,-0.018476119542989975,-0.03887773054783455,-0.06657381030184414,1406.2953761016602,2230.573237505784,3380.468286446214,10982.564624212748,18951.638650337853,0.0019708048467951935
151526,0.38946656349952496,0.0010296553333443389,2.4694314420071697e-06,2.886576942582439e-06,0.00023417087019949375,-0.005360232176410566,-0.035131099698322774,-0.06807994379571679,-0.08597856785120286,1133.3181214958106,1744.9749629083963,2554.999162877235,12497.007742949609,20050.39737727912,0.0004538890441192266
153025,0.31384827452251834,0.0029402246641489728,5.94240060423552e-06,6.385899513626356e-06,0.0005521203687529406,-0.006562433889557684,-0.02127047115371511,-0.044432851896010206,-0.062197022507450725,1482.490335222657,2306.9944069157054,3691.148418151952,6490.913901754074,16215.886884042731,0.002326192766587334
153126,0.38680853137060095,0.002117435509565369,5.242602830510378e-06,5.466547137905611e-06,0.000479192278421341,-0.005795765336191231,-0.020258801911452018,-0.04420823189568712,-0.0598379530404165,1337.5230303536068,2174.5115003833953,3496.370273229606,8489.317007553438,17392.234068675294,0.0017959876584214096
153227,0.4051815826693172,0.0014504206354212295,4.282096783758759e-06,4.115707896086379e-06,0.0003766017700966199,-0.005616093302439874,-0.02442279741418185,-0.04148956162312836,-0.06201338798555641,1259.327636859214,2006.5183527445372,3030.6825877774936,11391.394013395071,19083.754992586084,0.0011221893485643434
153429,0.37615205104898325,0.00132388321631135,3.839901808936802e-06,4.085240348536876e-06,0.0003525653245652005,-0.005762600533405915,-0.03172852678791162,-0.04142711092477487,-0.06896142416399911,1356.4412554288606,2005.6903053727096,3082.6951770958785,9824.285528265256,18581.243162695635,0.0009753337918064037
153631,0.3718778366008557,0.0007491711560236904,2.728512484429839e-06,3.0237978789755404e-06,0.00025271482021915656,-0.0052286212897199695,-0.03495829704452903,-0.06496389985212542,-0.07986707618147644,1101.516258004037,1748.7796108634113,2639.5945365582147,12233.521298758522,18515.19007622905,0.0005526932120092734
153732,0.3988631326804713,0.0008349515132679553,2.8389096077210582e-06,2.7848998733687745e-06,0.000249769831272891,-0.005196714775794139,-0.036478901592563465,-0.051704164022412784,-0.08569812416239876,1056.1177267253297,1690.5206322170286,2597.645682065021,13540.673594820659,19440.780032616378,0.0005284832506989246
153833,0.4196098755705723,0.0012897758763665123,3.3521052909506035e-06,3.6932298437458345e-06,0.00031590929263386664,-0.005390825194914496,-0.02508627700955744,-0.03522450069829357,-0.08019157287265741,1167.979489614236,1877.6138191238842,2887.6772234518135,13471.542018059885,19303.336945604246,0.0007999502570088803
153934,0.3894634826285271,0.0009298038162942587,2.810026762473097e-06,2.5758798485435414e-06,0.00023629375420827276,-0.005191517924286453,-0.04243207203643508,-0.05630361695588176,-0.0854777260579909,1040.59613035698,1665.1899106536398,2599.6698152582317,10801.172540639796,18736.564063469905,0.0004849931291093966
154431,0.40528981283288346,0.0018332747765748957,4.6756408403254365e-06,4.73234713589059e-06,0.0004214104641669007,-0.006002350894340373,-0.027406452933330896,-0.04045453615818571,-0.05673501443004112,1415.6440522603593,2112.127345225367,3275.2615133031777,14532.388113542262,18902.44521604657,0.0013164344186850363
154532,0.33923625225560516,0.0008851597489449325,3.0179058866692372e-06,3.7724162266139124e-06,0.00029907807661659207,-0.0054403232724971155,-0.024278328393722945,-0.05681339699434429,-0.0891388829626043,1218.3488390167538,1826.6321988788188,2713.28457402402,13263.604869776926,19366.909158754952,0.0007453206575081989
154734,0.3928933706728966,0.0030707753522353177,6.532150728161548e-06,7.178661581800701e-06,0.0006157381901038778,-0.006352740578582092,-0.018106679074698387,-0.03552875376268836,-0.06310378442646469,1402.0340480933571,2364.9145459992583,3823.3773288393527,6700.6527683364275,16357.296118619925,0.002843665015757075
154835,0.3949447894135878,0.003044382426485537,5.049596990532715e-06,5.375153412935817e-06,0.00047046069333105453,-0.0062341629351874775,-0.0221497096188601,-0.03265086488293206,-0.05374944413665181,1390.6563582688611,2138.7606249295895,3346.5140848863507,10410.627597838884,18318.47240980975,0.0016362590401319472
154936,0.38957260850550035,0.0016891813034228332,4.136061980909171e-06,4.224325616770471e-06,0.0003750755814143213,-0.005622784486395681,-0.028894663453553356,-0.042081514131742985,-0.06687908726570993,1263.593764540487,1966.591615231688,3062.3885251631878,9232.517007162272,18202.8989940421,0.0011187027347477922
155231,0.38261390313467886,0.0025448513190138617,5.666330133703261e-06,5.96907879461379e-06,0.0005232224411714692,-0.006389757003481175,-0.019482239992402076,-0.035238594652965693,-0.05841055173831499,1448.1416294847563,2270.7920742943775,3637.6273988619887,8818.546718067933,17498.889332686304,0.00208731126698861
155635,0.39180317512450713,0.0007805894882498135,2.2004042665152554e-06,1.763436883051609e-06,0.00017172077596801938,-0.005082552447521108,-0.05864740738797236,-0.0681003734117061,-0.12520303739189997,916.8885556170803,1461.5988080876734,2273.8402290998765,14359.042107295263,21252.221129313653,0.00027604358792840476
